"rank","name","price","marketCap","volume24h","rsi_15m","rsi_1h","rsi_4h","rsi_24h","rsi_7d"
"272","AI Rig Complex
ARC","$0.079","$79M","$43.76M","21.45%","46.5","62.8","79.8","66.4"
"175","AWE
AWE","$0.06445","$125.19M","$22.9M","8.42%","63.4","65.3","73.1","70.2"
"165","Open Campus
EDU","$0.1711","$142.28M","$17.8M","7.19%","42.7","55.0","68.7","61.0"
"238","The White Whale
WHITEWHALE","$0.1061","$106.16M","$9.71M","26.51%","55.1","68.6","68.5","61.1"
"257","RaveDAO
RAVE","$0.3718","$87.27M","$11.1M","9.45%","49.4","56.4","66.2","55.2"
"309","siren
SIREN","$0.09237","$67.33M","$12.36M","4.8%","43.2","51.8","62.8","58.5"
"340","ChainOpera AI
COAI","$0.3142","$59.07M","$21.71M","24.02%","70.7","68.4","62.5","41.0"
"287","Numeraire
NMR","$9.820156","$73.5M","$15.51M","6.37%","59.8","58.1","61.4","53.2"
"106","IOTA
IOTA","$0.07819","$334.6M","$21.53M","10.97%","79.9","66.5","58.6","42.2"
"310","MultiBank Group
MBG","$0.3514","$67.11M","$18.36M","2.76%","50.0","47.4","58.4","45.4"
"230","BitMart Token
BMX","$0.3865","$125.35M","$6M","1.26%","57.0","56.4","58.4","53.4"
"112","Humanity Protocol
H","$0.1266","$305.4M","$71.7M","18.34%","57.3","67.0","58.3","41.2"
"123","Kite
KITE","$0.1484","$267.29M","$41.26M","6.77%","55.3","55.1","57.2","70.1"
"252","Unibase
UB","$0.03559","$88.98M","$8.67M","3.43%","58.6","66.4","56.7","49.2"
"103","Decred
DCR","$19.9","$343.6M","$6.83M","5.15%","51.4","52.3","56.6","52.3"
"12","Hyperliquid
HYPE","$34.39","$8.95B","$806.89M","5.37%","56.5","55.4","56.5","67.1"
"83","Morpho
MORPHO","$1.283685","$486.28M","$42.82M","6.74%","50.5","50.2","56.4","55.8"
"313","World Mobile Token
WMTX","$0.08006","$66.21M","$1.42B","7.85%","35.6","48.8","56.3","57.6"
"43","MYX Finance
MYX","$5.973812","$1.5B","$29.86M","3.92%","61.0","54.6","55.3","56.2"
"38","MemeCore
M","$1.492908","$1.88B","$18.16M","1.73%","56.0","54.6","55.3","47.7"
"29","Toncoin
TON","$1.409118","$3.43B","$126.37M","5.03%","66.6","59.1","55.0","37.0"
"371","Spark
SPK","$0.02209","$52.07M","$24.4M","8.29%","64.1","55.4","54.9","49.1"
"138","Monad
MON","$0.01882","$203.88M","$104.7M","9.62%","72.3","65.6","54.5","44.5"
"298","Waves
WAVES","$0.5935","$71.25M","$29.02M","7.49%","53.3","51.7","54.5","40.0"
"158","Lombard
BARD","$0.7151","$160.9M","$18.06M","4.39%","52.9","51.4","54.4","44.7"
"316","Impossible Cloud Network
ICNT","$0.3923","$65.61M","$6.26M","5.16%","55.2","55.6","54.3","49.3"
"213","Ultima
ULTIMA","$5,652.01","$211.43M","$20.87M","1.76%","41.9","35.5","54.2","48.7"
"361","Cysic
CYS","$0.3308","$53.2M","$17.13M","2.38%","45.6","48.5","53.3","49.5"
"225","Zano
ZANO","$9.117351","$136.79M","$1.66M","0.21%","46.8","47.2","52.7","48.4"
"201","Rain
RAIN","$0.009466","$3.21B","$38.25M","7.63%","70.3","61.3","52.7","52.0"
"227","Keeta
KTA","$0.2835","$136.51M","$5.37M","10.88%","60.3","53.6","52.7","51.2"
"285","U.S. Dollar Tokenized Currency (Ondo)
USDon","$0.9984","$74.38M","$94.95M","0.08%","50.1","47.8","52.5","50.9"
"267","Moonbirds
BIRB","$0.284","$80.94M","$153.39M","6.21%","43.8","45.4","52.4","--"
"13","UNUS SED LEO
LEO","$8.817788","$8.12B","$3.59M","1.22%","51.7","52.7","52.1","47.6"
"343","ZIGChain
ZIG","$0.04137","$58.29M","$3.46M","6.11%","72.6","54.1","51.8","37.2"
"134","Golem
GLM","$0.2151","$215.19M","$12.33M","5.13%","57.0","52.0","51.7","42.1"
"63","Midnight
NIGHT","$0.04971","$825.64M","$19.44M","8.02%","63.6","56.5","51.6","39.5"
"100","Sun [New]
SUN","$0.01826","$350.82M","$27.05M","2.63%","51.2","45.9","51.3","42.7"
"349","HashKey Platform Token
HSK","$0.1643","$56.69M","$8.91M","0.64%","50.4","53.8","50.9","34.7"
"192","Zilliqa
ZIL","$0.005416","$107.83M","$155.46M","11.21%","34.3","41.2","50.7","56.5"
"314","InitVerse
INI","$0.1209","$66.1M","$1.34M","0.05%","52.9","48.3","49.7","51.0"
"35","PAX Gold
PAXG","$4,936.15","$2.24B","$855.57M","0.29%","38.8","40.2","49.7","53.4"
"31","Tether Gold
XAUt","$4,908.2","$2.55B","$1.12B","0.18%","38.5","40.2","49.6","53.2"
"274","PlaysOut
PLAY","$0.09788","$78.34M","$9.35M","2.6%","68.9","56.5","49.5","58.3"
"181","ZORA
ZORA","$0.02659","$118.87M","$62.41M","11.8%","51.9","52.1","49.5","39.0"
"197","Ravencoin
RVN","$0.006431","$103.32M","$9.85M","2.34%","55.9","47.7","49.4","43.2"
"205","Beldex
BDX","$0.08039","$611.41M","$11.8M","0.74%","45.6","40.6","49.3","39.3"
"327","Quack AI
Q","$0.01822","$63.39M","$7.92M","6.01%","48.0","57.5","49.3","49.3"
"320","ssv.network
SSV","$3.998317","$64.93M","$16.93M","5.34%","53.3","53.1","49.0","48.2"
"362","Grass
GRASS","$0.2177","$53.1M","$35.8M","9.55%","55.6","53.1","48.4","32.9"
"264","Aleo
ALEO","$0.09757","$83.9M","$8.01M","4.02%","57.3","51.7","48.4","39.3"
"57","Cosmos
ATOM","$2.011518","$988.3M","$92.42M","6.39%","45.7","45.3","48.3","37.8"
"95","Kaia
KAIA","$0.05851","$364.9M","$16.24M","2.25%","45.6","42.4","48.0","46.6"
"160","WEMIX
WEMIX","$0.329","$152M","$1.64M","1.41%","47.4","48.4","48.0","43.4"
"291","Axelar
AXL","$0.06547","$72.98M","$30.4M","6.56%","58.8","49.3","47.9","41.9"
"241","Defi App
HOME","$0.02948","$97.58M","$24.15M","1.83%","61.7","51.1","47.9","55.7"
"10","Bitcoin Cash
BCH","$528.5","$10.56B","$613.83M","3.37%","62.7","52.5","47.8","38.7"
"76","LayerZero
ZRO","$1.796023","$527.31M","$67.57M","6.7%","54.9","48.9","47.6","51.1"
"77","Stacks
STX","$0.2848","$516.94M","$38.25M","5.26%","40.2","37.9","47.5","44.6"
"118","SPX6900
SPX","$0.3063","$285.22M","$21.23M","5.77%","61.0","51.3","47.4","30.0"
"15","Canton
CC","$0.1783","$6.71B","$25.02M","3.63%","46.1","45.3","47.4","62.0"
"199","Stargate Finance
STG","$0.1546","$102.23M","$7.37M","6.09%","53.5","48.7","47.3","50.7"
"244","Verge
XVG","$0.005731","$94.69M","$9.13M","5.57%","59.1","50.6","47.1","42.0"
"284","Alchemist AI
ALCH","$0.08911","$75.75M","$40.9M","10.18%","32.0","40.4","47.1","39.4"
"40","Pepe
PEPE","$0.054216","$1.74B","$525.94M","4.98%","65.6","53.2","47.1","36.3"
"243","0x Protocol
ZRX","$0.1122","$95.21M","$22M","1.6%","55.3","46.2","47.1","38.6"
"331","Merlin Chain
MERL","$0.05496","$61.83M","$34.22M","1.77%","53.3","50.1","46.9","19.3"
"289","SPACE ID
ID","$0.05668","$73.47M","$36.55M","4.39%","55.9","48.0","46.9","36.0"
"167","DeepBook Protocol
DEEP","$0.02958","$141.47M","$29.8M","6.39%","47.1","48.1","46.8","35.3"
"194","Irys
IRYS","$0.04806","$105.25M","$11.8M","7.82%","37.7","39.6","46.7","53.7"
"86","Stable
STABLE","$0.02582","$454.45M","$45.55M","4.97%","41.4","38.9","46.7","60.0"
"73","Jupiter
JUP","$0.1889","$613.02M","$60.59M","0.53%","56.9","45.9","46.6","45.8"
"170","币安人生
币安人生","$0.1345","$134.54M","$35.46M","1.45%","50.4","46.0","46.4","42.6"
"246","Solana Mobile Seeker
SKR","$0.01745","$93.12M","$30.55M","1.67%","45.6","45.3","46.3","47.3"
"150","OriginTrail
TRAC","$0.3495","$174.78M","$13.7M","1.41%","59.8","48.4","46.1","38.7"
"366","ETHGas
GWEI","$0.03016","$52.78M","$55.38M","3.5%","53.4","50.9","46.1","53.4"
"49","Sky
SKY","$0.06116","$1.4B","$39.49M","5.13%","54.8","47.1","46.1","46.1"
"143","Convex Finance
CVX","$1.868541","$186.14M","$16.02M","7.53%","39.4","39.8","46.0","44.9"
"28","World Liberty Financial
WLFI","$0.1324","$3.54B","$141.81M","4.36%","51.5","47.7","45.9","33.3"
"293","Comedian
BAN","$0.07222","$72.22M","$14.63M","0.6%","49.7","44.8","45.6","44.7"
"53","Worldcoin
WLD","$0.4081","$1.14B","$146.93M","1.87%","60.5","50.2","45.6","38.8"
"368","Ankr
ANKR","$0.00525","$52.5M","$60.73M","4.99%","49.6","39.8","45.4","37.9"
"50","Pi
PI","$0.1583","$1.38B","$14.84M","2.78%","57.4","47.7","45.4","26.2"
"140","Terra Classic
LUNC","$0.00003629","$198.31M","$16.9M","2.47%","43.6","39.6","45.3","42.8"
"101","Maple Finance
SYRUP","$0.2994","$346.49M","$26.43M","3.29%","56.8","46.4","45.3","39.3"
"54","Polygon (prev. MATIC)
POL","$0.1072","$1.13B","$100.62M","0.99%","53.2","44.6","45.3","36.1"
"255","NEXPACE
NXPC","$0.3686","$88.01M","$13.64M","2.25%","54.0","41.1","45.1","48.1"
"149","Vision
VSN","$0.05037","$175.95M","$25.37M","2.56%","45.3","37.6","44.9","27.9"
"369","Dusk
DUSK","$0.1059","$52.68M","$22.86M","3.25%","57.0","51.0","44.6","46.0"
"114","Trust Wallet Token
TWT","$0.6834","$293.78M","$25.69M","7.12%","65.6","56.1","44.6","28.6"
"209","Fasttoken
FTN","$1.086428","$473.96M","$12.64M","0.12%","43.4","40.3","44.6","46.2"
"102","ether.fi
ETHFI","$0.4946","$345.96M","$52.84M","4.57%","57.5","48.0","44.4","30.3"
"137","ZKsync
ZK","$0.02333","$204.19M","$83.99M","4.78%","51.8","47.1","44.3","39.3"
"94","Lighter
LIT","$1.515992","$378.99M","$56.89M","2.12%","60.6","49.6","44.3","35.8"
"186","Theta Fuel
TFUEL","$0.01556","$112.35M","$2.64M","0.73%","55.5","49.2","44.2","33.6"
"339","Sign
SIGN","$0.03655","$59.95M","$3.4M","0.69%","44.9","40.2","44.0","44.6"
"30","Cronos
CRO","$0.08069","$3.21B","$26.26M","3.42%","47.3","43.4","43.8","32.8"
"182","Gas
GAS","$1.824266","$118.56M","$7.56M","1.2%","46.4","36.4","43.8","44.0"
"347","Plume
PLUME","$0.01197","$57.54M","$12.56M","4.88%","51.7","46.9","43.5","30.9"
"318","GMX
GMX","$6.270138","$65.12M","$7.59M","4.44%","54.2","44.8","43.5","35.3"